-- Insert sample data into the employees table
INSERT INTO employees VALUES 
(10001, '1953-09-02', 'Georgi', 'Facello', 'M', '1986-06-26'),
(10002, '1964-06-02', 'Bezalel', 'Simmel', 'F', '1985-11-21'),
(10003, '1959-12-03', 'Parto', 'Bamford', 'M', '1986-08-28'),
(10004, '1954-05-01', 'Chirstian', 'Koblick', 'M', '1986-12-01'),
(10005, '1955-01-21', 'Kyoichi', 'Maliniak', 'M', '1989-09-12'),
(10006, '1953-04-20', 'Anneke', 'Preusig', 'F', '1989-06-02'),
(10007, '1957-05-23', 'Tzvetan', 'Zielinski', 'F', '1989-02-10'),
(10008, '1958-02-19', 'Saniya', 'Kalloufi', 'M', '1994-09-15'),
(10009, '1952-04-19', 'Sumant', 'Peac', 'F', '1985-02-18'),
(10010, '1963-06-01', 'Duangkaew', 'Piveteau', 'F', '1989-08-24');

-- Insert sample data into the departments table
INSERT INTO departments VALUES
('d001', 'Marketing'),
('d002', 'Finance'),
('d003', 'Human Resources'),
('d004', 'Production'),
('d005', 'Development');

-- Insert sample data into the dept_emp table
INSERT INTO dept_emp VALUES
(10001, 'd005', '1986-06-26', '9999-01-01'),
(10002, 'd001', '1985-11-21', '9999-01-01'),
(10003, 'd003', '1986-08-28', '9999-01-01'),
(10004, 'd004', '1986-12-01', '9999-01-01'),
(10005, 'd002', '1989-09-12', '9999-01-01'),
(10006, 'd004', '1989-06-02', '9999-01-01'),
(10007, 'd005', '1989-02-10', '9999-01-01'),
(10008, 'd001', '1994-09-15', '9999-01-01'),
(10009, 'd002', '1985-02-18', '9999-01-01'),
(10010, 'd003', '1989-08-24', '9999-01-01');

-- Insert sample data into the dept_manager table
INSERT INTO dept_manager VALUES
('d001', 10002, '1985-11-21', '9999-01-01'),
('d002', 10005, '1989-09-12', '9999-01-01'),
('d003', 10003, '1986-08-28', '9999-01-01'),
('d004', 10004, '1986-12-01', '9999-01-01'),
('d005', 10001, '1986-06-26', '9999-01-01');

-- Insert sample data into the salaries table
INSERT INTO salaries VALUES
(10001, 75000, '1986-06-26', '9999-01-01'),
(10002, 85000, '1985-11-21', '9999-01-01'),
(10003, 70000, '1986-08-28', '9999-01-01'),
(10004, 80000, '1986-12-01', '9999-01-01'),
(10005, 95000, '1989-09-12', '9999-01-01'),
(10006, 72000, '1989-06-02', '9999-01-01'),
(10007, 90000, '1989-02-10', '9999-01-01'),
(10008, 68000, '1994-09-15', '9999-01-01'),
(10009, 78000, '1985-02-18', '9999-01-01'),
(10010, 65000, '1989-08-24', '9999-01-01');

-- Insert sample data into the titles table
INSERT INTO titles VALUES
(10001, 'Senior Engineer', '1986-06-26', '9999-01-01'),
(10002, 'Marketing Manager', '1985-11-21', '9999-01-01'),
(10003, 'HR Manager', '1986-08-28', '9999-01-01'),
(10004, 'Production Manager', '1986-12-01', '9999-01-01'),
(10005, 'Finance Manager', '1989-09-12', '9999-01-01'),
(10006, 'Production Engineer', '1989-06-02', '9999-01-01'),
(10007, 'Senior Developer', '1989-02-10', '9999-01-01'),
(10008, 'Marketing Specialist', '1994-09-15', '9999-01-01'),
(10009, 'Finance Analyst', '1985-02-18', '9999-01-01'),
(10010, 'HR Specialist', '1989-08-24', '9999-01-01');
